category	subCategory	??	??	??	??	??	costDate	cost	????	note	acctounBook
????	??	??	?????	??		???	28/10/2018 12:13	50	??:50		????
????	????	??	?????	??		???	28/10/2018 12:13	212	??:212	Costco?????	????
????	????	??	?????	??		???	28/10/2018 12:12	7.5	??:7.5	Costco??	????
????	????	??	?????	??		???	27/10/2018 17:24	0.1	??:0.1	????????????	????
????	????	??	?????	??		???	27/10/2018 16:42	5.00	??:5	????????	????
????	????	??	?????	??		???	27/10/2018 13:05	10	??:10		????
????	????	??	?????	??		???	27/10/2018 13:04	36	??:36	??????????	????
????	????	??	?????	??		???	27/10/2018 12:59	"1,448.00"	??:1448	?????????????	????
????	????	??	?????	??		???	26/10/2018 22:07	51	??:51	"?????@Eastwood, ???"	????
											
											
											
											
											
											
											
											
											
											
											
											
											
											
											
